insert into students values
(101,'A','AA',1,1),
(102,'B','BB',1,1),
(103,'C','CC',1,1),
(104,'D','DD',1,1),
(105,'E','EE',1,1),
(106,'A','AA',1,1),
(107,'B','BB',1,1),
(108,'C','CC',1,1),
(109,'D','DD',1,1),
(110,'E','EE',1,1),
(111,'A','AA',1,1),
(112,'A','AA',1,1),
(113,'B','BB',1,1),
(114,'C','CC',1,1),
(115,'D','DD',1,1),
(116,'E','EE',1,1),
(117,'A','AA',1,1),
(118,'B','BB',1,1),
(119,'C','CC',1,1),
(120,'D','DD',1,1),
(201,'A','AA',2,1),
(202,'B','BB',2,1),
(203,'C','CC',2,1),
(204,'D','DD',2,1),
(205,'E','EE',2,1),
(206,'A','AA',2,1),
(207,'B','BB',2,1),
(208,'C','CC',2,1),
(209,'D','DD',2,1),
(210,'E','EE',2,1),
(211,'A','AA',2,1),
(212,'B','BB',2,1),
(213,'C','CC',2,1),
(214,'D','DD',2,1),
(215,'A','AA',2,1),
(216,'B','BB',2,1),
(217,'C','CC',2,1),
(218,'A','AA',2,1),
(219,'B','BB',2,1),
(220,'C','CC',2,1),
(301,'A','AA',3,1),
(302,'B','BB',3,1),
(303,'C','CC',3,1),
(304,'A','AA',3,1),
(305,'B','BB',3,1),
(306,'C','CC',3,1),
(307,'A','AA',3,1),
(308,'B','BB',3,1),
(309,'C','CC',3,1),
(310,'A','AA',3,1),
(311,'B','BB',3,1),
(312,'C','CC',3,1),
(313,'A','AA',3,1),
(314,'B','BB',3,1),
(315,'C','CC',3,1),
(316,'A','AA',3,1),
(317,'B','BB',3,1),
(318,'C','CC',3,1),
(319,'A','AA',3,1),
(320,'B','BB',3,1);
  
delete from students;
select * from students; 

insert into teacher values
(501,'Z','ZZ','T1011'),
(502,'Y','YY','E1012'),
(503,'X','XX','S1013'),
(504,'W','WW','M1014'),
(505,'V','VV','G1015'),
(506,'U','UU','M1016'),
(507,'T','TT','C1017'),
(508,'Z','ZZ','T2021'),
(509,'Y','YY','E2022'),
(510,'X','XX','S2023'),
(511,'W','WW','M2024'),
(512,'V','VV','G2025'),
(513,'U','UU','M2026'),
(514,'T','TT','C2027'),
(515,'Z','ZZ','T3031'),
(516,'Y','YY','E3032'),
(517,'X','XX','S3033'),
(518,'W','WW','M3034'),
(519,'V','VV','G3035'),
(520,'U','UU','M3036'),
(521,'T','TT','C3037');

delete from teacher;
select * from teacher;

insert into subject values
('T1011','Thai'),
('E1012','Eng'),
('S1013','Sci'),
('M1014','Mus'),
('G1015','Gym'),
('M1016','Mat'),
('C1017','Com'),
('T2021','Thai'),
('E2022','Eng'),
('S2023','Sci'),
('M2024','Mus'),
('G2025','Gym'),
('M2026','Mat'),
('C2027','Com'),
('T3031','Thai'),
('E3032','Eng'),
('S3033','Sci'),
('M3034','Mus'),
('G3035','Gym'),
('M3036','Mat'),
('C3037','Com');

select * from subject;

insert into attendance values 
(101,0,0,0,0,'','T1011'),
(102,0,0,0,0,'','T1011'),
(103,0,0,0,0,'','T1011'),
(104,0,0,0,0,'','T1011'),
(105,0,0,0,0,'','T1011'),
(106,0,0,0,0,'','T1011'),
(107,0,0,0,0,'','T1011'),
(108,0,0,0,0,'','T1011'),
(109,0,0,0,0,'','T1011'),
(110,0,0,0,0,'','T1011'),
(111,0,0,0,0,'','T1011'),
(112,0,0,0,0,'','T1011'),
(113,0,0,0,0,'','T1011'),
(114,0,0,0,0,'','T1011'),
(115,0,0,0,0,'','T1011'),
(116,0,0,0,0,'','T1011'),
(117,0,0,0,0,'','T1011'),
(118,0,0,0,0,'','T1011'),
(119,0,0,0,0,'','T1011'),
(120,0,0,0,0,'','T1011'),
(101,0,0,0,0,'','E1012'),
(102,0,0,0,0,'','E1012'),
(103,0,0,0,0,'','E1012'),
(104,0,0,0,0,'','E1012'),
(105,0,0,0,0,'','E1012'),
(106,0,0,0,0,'','E1012'),
(107,0,0,0,0,'','E1012'),
(108,0,0,0,0,'','E1012'),
(109,0,0,0,0,'','E1012'),
(110,0,0,0,0,'','E1012'),
(111,0,0,0,0,'','E1012'),
(112,0,0,0,0,'','E1012'),
(113,0,0,0,0,'','E1012'),
(114,0,0,0,0,'','E1012'),
(115,0,0,0,0,'','E1012'),
(116,0,0,0,0,'','E1012'),
(117,0,0,0,0,'','E1012'),
(118,0,0,0,0,'','E1012'),
(119,0,0,0,0,'','E1012'),
(120,0,0,0,0,'','E1012'),
(101,0,0,0,0,'','S1013'),
(102,0,0,0,0,'','S1013'),
(103,0,0,0,0,'','S1013'),
(104,0,0,0,0,'','S1013'),
(105,0,0,0,0,'','S1013'),
(106,0,0,0,0,'','S1013'),
(107,0,0,0,0,'','S1013'),
(108,0,0,0,0,'','S1013'),
(109,0,0,0,0,'','S1013'),
(110,0,0,0,0,'','S1013'),
(111,0,0,0,0,'','S1013'),
(112,0,0,0,0,'','S1013'),
(113,0,0,0,0,'','S1013'),
(114,0,0,0,0,'','S1013'),
(115,0,0,0,0,'','S1013'),
(116,0,0,0,0,'','S1013'),
(117,0,0,0,0,'','S1013'),
(118,0,0,0,0,'','S1013'),
(119,0,0,0,0,'','S1013'),
(120,0,0,0,0,'','S1013'),
(101,0,0,0,0,'','M1014'),
(102,0,0,0,0,'','M1014'),
(103,0,0,0,0,'','M1014'),
(104,0,0,0,0,'','M1014'),
(105,0,0,0,0,'','M1014'),
(106,0,0,0,0,'','M1014'),
(107,0,0,0,0,'','M1014'),
(108,0,0,0,0,'','M1014'),
(109,0,0,0,0,'','M1014'),
(110,0,0,0,0,'','M1014'),
(111,0,0,0,0,'','M1014'),
(112,0,0,0,0,'','M1014'),
(113,0,0,0,0,'','M1014'),
(114,0,0,0,0,'','M1014'),
(115,0,0,0,0,'','M1014'),
(116,0,0,0,0,'','M1014'),
(117,0,0,0,0,'','M1014'),
(118,0,0,0,0,'','M1014'),
(119,0,0,0,0,'','M1014'),
(120,0,0,0,0,'','M1014'),
(101,0,0,0,0,'','G1015'),
(102,0,0,0,0,'','G1015'),
(103,0,0,0,0,'','G1015'),
(104,0,0,0,0,'','G1015'),
(105,0,0,0,0,'','G1015'),
(106,0,0,0,0,'','G1015'),
(107,0,0,0,0,'','G1015'),
(108,0,0,0,0,'','G1015'),
(109,0,0,0,0,'','G1015'),
(110,0,0,0,0,'','G1015'),
(111,0,0,0,0,'','G1015'),
(112,0,0,0,0,'','G1015'),
(113,0,0,0,0,'','G1015'),
(114,0,0,0,0,'','G1015'),
(115,0,0,0,0,'','G1015'),
(116,0,0,0,0,'','G1015'),
(117,0,0,0,0,'','G1015'),
(118,0,0,0,0,'','G1015'),
(119,0,0,0,0,'','G1015'),
(120,0,0,0,0,'','G1015'),
(101,0,0,0,0,'','M1016'),
(102,0,0,0,0,'','M1016'),
(103,0,0,0,0,'','M1016'),
(104,0,0,0,0,'','M1016'),
(105,0,0,0,0,'','M1016'),
(106,0,0,0,0,'','M1016'),
(107,0,0,0,0,'','M1016'),
(108,0,0,0,0,'','M1016'),
(109,0,0,0,0,'','M1016'),
(110,0,0,0,0,'','M1016'),
(111,0,0,0,0,'','M1016'),
(112,0,0,0,0,'','M1016'),
(113,0,0,0,0,'','M1016'),
(114,0,0,0,0,'','M1016'),
(115,0,0,0,0,'','M1016'),
(116,0,0,0,0,'','M1016'),
(117,0,0,0,0,'','M1016'),
(118,0,0,0,0,'','M1016'),
(119,0,0,0,0,'','M1016'),
(120,0,0,0,0,'','M1016'),
(101,0,0,0,0,'','C1017'),
(102,0,0,0,0,'','C1017'),
(103,0,0,0,0,'','C1017'),
(104,0,0,0,0,'','C1017'),
(105,0,0,0,0,'','C1017'),
(106,0,0,0,0,'','C1017'),
(107,0,0,0,0,'','C1017'),
(108,0,0,0,0,'','C1017'),
(109,0,0,0,0,'','C1017'),
(110,0,0,0,0,'','C1017'),
(111,0,0,0,0,'','C1017'),
(112,0,0,0,0,'','C1017'),
(113,0,0,0,0,'','C1017'),
(114,0,0,0,0,'','C1017'),
(115,0,0,0,0,'','C1017'),
(116,0,0,0,0,'','C1017'),
(117,0,0,0,0,'','C1017'),
(118,0,0,0,0,'','C1017'),
(119,0,0,0,0,'','C1017'),
(120,0,0,0,0,'','C1017');

select * from attendance;
delete from attendance;


